Chain Start,Chain End
25088,928800
951650,3411
907671,842013
374533,430290
276187,826602
858832,38986
95100,596512
441683,389779
820411,834373
504949,32031
530614,1622
258712,949152
25232,952624
462115,694196
213406,782998
66629,75535
335431,53212
756649,264728
34733,411096
576951,77063
242648,301226
988182,810334
721840,817320
884253,155640
287721,503217
358720,408109
907613,426139
830204,770200
903916,426293
171159,103715
180009,912522
116302,199839
900283,701277
148633,471013
460423,85020
58008,243656
46071,283785
987765,627533
250108,648453
814949,794620
552462,433359
468430,767515
773490,369129
358378,37007
528910,533599
542693,556068
637686,866333
840799,711714
597316,346170
542459,804995
782064,106892
887397,277111
558766,930744
133162,303926
992937,794664
534304,319842
545633,280232
313144,566038
343863,78637
762850,427501
38531,7042
143817,864459
298236,14741
460506,108200
601250,589322
99791,329057
884027,154166
30601,191759
417740,832071
757392,930435
7747,49915
453400,62599
534147,881824
367262,771677
96818,75819
749553,256253
295239,564552
700651,241441
311391,136610
720149,254186
69185,258489
598178,250286
566171,913971
325428,235253
339935,751486
457844,497504
623991,40435
243713,517298
414383,793751
25795,755049
852015,15910
259458,725005
964074,775136
615211,3650
893532,342506
137599,762300
73086,880398
52123,793869
40859,538714
637980,984601
904823,691302
874678,894320
903219,67409
441486,627719
148098,889072
522597,517418
995083,975382
585164,578193
605690,612216
185925,50087
914881,819315
284459,64703
276433,687822
824342,56612
883846,706169
516660,37085
748762,56921
783653,607277
460772,605059
40668,386410
234153,222537
858841,164750
58134,502563
572770,319212
241656,110019
766480,184928
39952,83961
739766,15010
84361,675199
152040,693241
277774,137082
876762,493908
518273,334650
219027,784253
285595,403456
885720,594299
620417,839228
503305,414812
337009,614012
589833,556084
101815,804347
495287,789586
95700,634641
922925,521106
184091,26010
733789,231140
352939,46615
326610,93842
257802,40021
761770,769140
127740,885231
340449,988205
855169,340388
317191,223553
957785,138081
643340,595293
461976,157612
987818,144539
643826,943015
276776,992298
613359,289269
440827,542796
89989,265254
546005,389430
489298,738204
533912,893959
252522,926718
679481,695320
434052,804708
901070,234235
566693,431145
86344,47545
535538,749999
874382,728554
993195,906918
707036,102700
264841,450378
801829,336540
619037,922555
622956,672939
571327,952028
476570,20003
990037,628039
14708,738953
204573,39856
800212,343834
143622,361837
601365,344624
124688,515259
872899,967758
842379,755845
285601,409377
411136,736226
460133,340812
702870,466221
621795,32794
152373,463447
556527,18225
598462,286669
313632,882308
376507,642003
537642,108373
313573,549605
558825,613748
211483,800931
758829,2291
703779,37337
397683,892159
96771,760479
505699,152966
606574,85247
354706,374490
158356,337893
70911,884721
523769,275021
240555,865549
697785,302387
335434,859444
390137,306156
270876,299802
575277,806012
602653,593376
327020,355602
281694,61275
200564,293092
916464,180402
108798,169882
800227,748101
881418,15029
369618,136857
685730,707602
512591,840786
583027,397965
881479,519503
79249,46073
681701,654111
457648,535981
458993,743124
251332,415085
467322,734937
111865,650966
298980,261435
856297,456158
904554,524541
685462,853561
151181,184514
341039,208451
811854,329104
305692,768213
77314,397926
267362,160091
270303,111310
299388,813675
792535,485246
472211,373849
449158,315449
571764,618744
9061,582176
70747,34790
791400,204932
373642,971224
670927,112238
969533,89795
160001,444500
513624,35954
960557,351393
474261,42810
603917,580267
867723,852617
742754,580083
388393,646025
891736,562539
235827,405219
21697,676949
483422,41362
582388,6670
489088,209229
61743,168161
183289,227425
637605,839751
933689,768468
457081,915752
146743,43603
393299,491206
71810,970919
707458,596696
570461,48381
35858,667860
804729,668170
262660,594010
124592,66548
590249,570112
688026,469312
756344,539700
912513,750518
561338,478563
356220,80029
695799,760753
579524,134037
756652,881244
328018,263649
170495,606022
157878,560173
823418,47824
719083,858463
464229,712043
580688,59912
733320,66950
474753,152194
271886,65658
930318,351717
597115,22812
852471,868848
287207,110376
27234,462467
405187,22172
387920,374550
55964,735559
125170,177515
277994,81586
534019,244546
172340,882621
587708,910281
331539,740896
552371,899083
968640,873275
387291,858836
753249,38834
754774,986323
212128,369128
787135,527116
830402,344319
893898,681416
501336,308958
971391,79453
545042,88330
602455,946758
514833,903928
573504,234098
856107,514349
665929,740603
362409,21001
231775,164411
972227,311907
271514,789261
407299,543533
146190,596599
965190,3401
799583,398007
281232,582266
25759,352356
188167,54353
559892,729059
762133,97071
270749,192512
93640,549875
151724,519783
433201,833756
73345,391593
278314,258513
741370,764297
424743,287748
344549,172947
354717,80317
857365,867793
171718,363118
616086,903330
665819,524801
655207,38307
87391,501604
212489,405880
2443,662292
979472,987021
89593,735159
306578,61514
532689,849374
741199,579971
777405,96868
819128,372361
697241,482667
788391,128904
518083,922687
45685,497992
185089,368790
475541,80771
809398,573644
867806,497206
957603,92871
868957,638822
327621,242853
253383,351410
555708,58151
493696,538836
317691,895672
332793,836116
415234,318772
693976,23616
961293,971135
497701,820084
553822,25789
786597,870717
162780,19334
391561,114115
924249,31247
277488,308558
890928,264614
458291,321308
257819,265908
168418,107906
254627,927036
609647,60815
743240,527797
367132,217393
2967,948160
366848,284879
71341,3303
953935,438850
169841,175624
786689,234846
933205,232718
202651,533991
113968,208735
823471,987413
617568,87420
121087,993219
513250,770112
956360,705069
294226,522932
575628,131907
250157,910662
511440,510279
72293,326427
859066,158140
743419,201684
451108,922785
44893,67184
287435,968997
439208,243819
318728,674431
550235,262458
647174,747306
775736,922914
66162,573446
242114,266111
189129,929221
555344,954954
259181,802623
431913,402409
149863,410619
399185,688466
85674,101085
876150,256298
754906,702042
907792,354849
889675,38607
367842,889431
735202,275381
931263,683366
53686,843403
425419,736499
688044,668552
428988,760176
365614,8617
583827,10790
178533,935721
901072,672340
605044,893818
763686,686324
537459,493522
122630,236716
711726,470349
557110,942535
290199,590862
734666,166372
328795,981570
811721,689294
826750,609954
164659,409957
771847,623968
567223,994456
92444,130292
328303,19261
443114,557210
777331,129905
387080,391914
78136,209726
524969,228957
454679,388611
373312,962859
684663,66178
516593,799190
15759,624125
49286,692429
97325,11833
361362,521133
746562,9933
638343,633856
35403,324158
284694,471364
210612,670366
595946,732704
960153,297808
992991,855934
881072,275154
495493,793660
880066,908187
411724,594963
549379,686806
172070,603890
740282,683245
227223,845180
49897,270448
707186,607666
240024,291463
249697,236114
512614,757432
73695,547843
577504,29940
506131,58797
989751,682826
398789,321892
904980,458134
766292,922903
544162,224532
601582,753245
982029,145348
199887,6313
126503,756486
828733,701573
550279,539256
532543,109497
186952,684806
773111,788617
90249,889401
914837,958388
217496,155243
392520,92397
876655,466307
321950,900676
144518,30893
441885,16730
945884,522983
569350,243345
332463,403259
809763,752434
839614,971555
924429,291650
543558,320300
133856,426315
797823,787703
267821,379739
962557,298889
455933,716331
421169,798996
1444,448633
264898,818913
155308,664598
595455,695190
942896,936233
298089,110208
940520,611864
160246,210985
735294,620767
630065,48543
57110,110658
577490,9778
4142,407717
392364,535595
777497,51560
442470,322961
958038,828248
812751,809779
680102,68370
354806,418979
295521,99042
770361,208676
050913,517298
